City_ID,City,Lat,Lng,Max Temp,Humidity,Cloudiness,Wind Speed,Country,Date
0,yellowknife,62.456,-114.3525,8.01,100,100,5.14,CA,1697212312
1,punta arenas,-53.15,-70.9167,9.06,53,0,15.95,CL,1697212261
2,adamstown,-25.066,-130.1015,20.39,72,100,5.35,PN,1697212311
3,udachny,66.4167,112.4,-8.64,78,94,3.04,RU,1697212230
4,margaret river,-33.95,115.0667,12.6,90,4,5.96,AU,1697212312
5,ushuaia,-54.8,-68.3,10.79,77,75,15.43,AR,1697212232
6,ilulissat,69.2167,-51.1,0.01,93,100,9.77,GL,1697212236
7,olonkinbyen,70.9221,-8.7187,-1.92,81,98,10.48,SJ,1697212231
8,carnarvon,-24.8667,113.6333,25.0,53,49,6.21,AU,1697212276
9,zhangye,38.9342,100.4517,11.8,39,23,2.26,CN,1697212270
10,blackmans bay,-43.0167,147.3167,10.07,84,100,0.89,AU,1697212825
11,coquimbo,-29.9533,-71.3436,15.85,77,40,7.2,CL,1697212826
12,vorkuta,67.5,64.0,-0.7,76,100,2.87,RU,1697212828
13,utrik,11.2278,169.8474,28.18,79,30,5.78,MH,1697212247
14,la passe,45.5549,-0.8967,24.13,75,98,11.59,FR,1697212266
15,waitangi,-43.9535,-176.5597,12.12,91,2,3.13,NZ,1697212232
16,arraial do cabo,-22.9661,-42.0278,24.92,83,75,4.63,BR,1697212247
17,fale old settlement,-9.3852,-171.2468,28.4,72,76,10.63,TK,1697212250
18,midvagur,62.0511,-7.1939,5.46,81,100,21.09,FO,1697212828
19,maumere,-8.6199,122.2111,25.28,74,88,1.96,ID,1697212828
20,jamestown,42.097,-79.2353,12.48,65,20,2.24,US,1697212252
21,okha,53.5739,142.9478,9.5,76,15,9.0,RU,1697212277
22,nova sintra,14.8667,-24.7167,24.41,76,56,2.93,CV,1697212239
23,tazovsky,67.4667,78.7,0.56,81,100,7.0,RU,1697212280
24,afaahiti,-17.75,-149.2833,21.93,77,43,7.17,PF,1697212232
25,hithadhoo,-0.6,73.0833,27.49,78,43,4.56,MV,1697212281
26,luanda,-8.8368,13.2343,28.0,69,0,7.72,AO,1697212829
27,iqaluit,63.7506,-68.5145,0.85,80,75,1.03,CA,1697212244
28,concepcion,-36.827,-73.0498,13.89,62,0,3.6,CL,1697212754
29,bredasdorp,-34.5322,20.0403,15.76,71,13,4.64,ZA,1697212244
30,bethel,41.3712,-73.414,15.11,61,0,4.12,US,1697212235
31,boquira,-12.8231,-42.7306,38.16,14,7,4.09,BR,1697212830
32,yarim,14.298,44.3779,17.05,25,2,4.8,YE,1697212830
33,holualoa,19.6228,-155.9522,22.15,82,0,1.79,US,1697212830
34,edinburgh of the seven seas,-37.0676,-12.3116,14.87,97,100,11.84,SH,1697212237
35,grytviken,-54.2811,-36.5092,-0.4,74,62,5.05,GS,1697212233
36,kodiak,57.79,-152.4072,-3.27,93,0,3.09,US,1697212266
37,sangueya,10.7,-14.3667,25.49,90,100,1.17,GN,1697212831
38,west island,-12.1568,96.8225,25.99,78,100,8.23,CC,1697212235
39,kruisfontein,-34.0033,24.7314,14.66,83,80,4.23,ZA,1697212284
40,tsiombe,-25.3,45.4833,25.24,76,16,2.6,MG,1697212451
41,san antonio de pale,-1.4014,5.6325,25.94,80,96,3.65,GQ,1697212292
42,mount isa,-20.7333,139.5,22.87,15,8,8.75,AU,1697212268
43,pontes e lacerda,-15.2261,-59.3353,35.57,32,59,2.08,BR,1697212831
44,el alto,-4.2714,-81.2147,24.81,66,56,6.01,PE,1697212298
45,enewetak,11.3474,162.3373,28.19,74,19,2.84,MH,1697212251
46,mwingi,-0.9344,38.0601,29.12,35,94,5.35,KE,1697212832
47,umm kaddadah,13.6017,26.6876,35.69,16,1,7.01,SD,1697212832
48,ancud,-41.8697,-73.8203,10.93,64,42,2.28,CL,1697212710
49,longyearbyen,78.2186,15.6401,0.91,75,75,4.12,SJ,1697212254
50,talnakh,69.4865,88.3972,-0.44,97,97,2.38,RU,1697212253
51,antofagasta,-23.65,-70.4,19.6,67,3,4.13,CL,1697212818
52,meulaboh,4.1363,96.1285,24.61,91,97,1.05,ID,1697212832
53,tailai,46.3833,123.4,11.7,50,1,2.54,CN,1697212833
54,aasiaat,68.7098,-52.8699,-1.59,93,100,7.51,GL,1697212253
55,quelimane,-17.8786,36.8883,32.97,38,0,7.72,MZ,1697212833
56,port-aux-francais,-49.35,70.2167,2.45,93,50,10.42,TF,1697212237
57,ribeira grande,38.5167,-28.7,19.22,82,75,6.71,PT,1697212252
58,ouesso,1.6136,16.0517,25.63,84,65,1.47,CG,1697212833
59,port alfred,-33.5906,26.891,15.66,96,91,2.68,ZA,1697212252
60,i-n-salah,27.1935,2.4607,37.0,9,89,6.59,DZ,1697212282
61,tiksi,71.6872,128.8694,-6.07,96,100,2.65,RU,1697212238
62,cabo san lucas,22.8909,-109.9124,28.75,59,6,4.02,MX,1697212203
63,kingston,17.997,-76.7936,32.36,64,20,5.66,JM,1697211977
64,daru,-9.0763,143.2092,24.89,91,99,6.52,PG,1697212680
65,peterhead,57.5058,-1.7981,12.22,72,17,17.13,GB,1697212834
66,guanica,17.9716,-66.908,33.61,68,80,5.12,PR,1697212834
67,severo-yeniseyskiy,60.3725,93.0408,3.65,91,100,6.26,RU,1697212269
68,awjilah,29.1081,21.2869,26.26,34,0,5.1,LY,1697212306
69,puerto palomas,31.7667,-107.6167,19.37,22,3,1.58,MX,1697212834
70,tura,25.5198,90.2201,21.73,78,0,1.05,IN,1697212512
71,quepos,9.4236,-84.1652,30.34,67,94,2.08,CR,1697212835
72,georgetown,5.4112,100.3354,28.96,89,40,3.13,MY,1697212130
73,veraval,20.9,70.3667,28.02,80,0,4.18,IN,1697212835
74,puerto ayora,-0.7393,-90.3518,28.98,76,92,4.64,EC,1697212249
75,retreat,38.8245,-85.8533,21.66,63,0,0.45,US,1697212835
76,juan de ayolas,-27.4,-56.9,20.57,48,0,5.31,PY,1697212835
77,avarua,-21.2078,-159.775,18.03,100,99,1.03,CK,1697212312
78,ust-nera,64.5667,143.2,-12.1,95,100,2.24,RU,1697212250
79,whitehorse,60.7161,-135.0538,7.43,82,75,6.71,CA,1697212242
80,as sulayyil,20.4607,45.5779,34.14,14,0,3.69,SA,1697212504
81,anadyr,64.75,177.4833,1.28,86,20,3.0,RU,1697212248
82,arkhangel'sk,64.5401,40.5433,4.51,94,100,6.83,RU,1697212292
83,kavaratti,10.5669,72.642,28.4,72,31,1.92,IN,1697212697
84,hastings,50.8552,0.5729,19.99,30,100,10.03,GB,1697212723
85,taltal,-25.4,-70.4833,18.73,65,9,2.32,CL,1697212035
86,lodwar,3.1191,35.5973,34.82,28,21,4.18,KE,1697212837
87,vranje,42.5514,21.9003,18.84,45,48,1.29,RS,1697212837
88,sao jose da coroa grande,-8.8978,-35.1478,28.26,67,33,5.5,BR,1697212471
89,petropavlovsk-kamchatsky,53.0452,158.6483,3.03,73,75,6.71,RU,1697212246
90,jindabyne,-36.4167,148.6333,7.35,91,96,2.3,AU,1697212724
91,cooper's town,26.8667,-77.5167,28.67,83,100,5.36,BS,1697212513
92,mirpur sakro,24.5474,67.6277,27.82,68,0,5.31,PK,1697212837
93,praia da vitoria,38.7333,-27.0667,21.53,83,40,3.38,PT,1697212241
94,cambria,35.5641,-121.0808,19.99,39,100,1.0,US,1697212838
95,boac,13.4463,121.84,27.73,78,18,3.18,PH,1697212838
96,mount gambier,-37.8333,140.7667,12.38,77,100,5.71,AU,1697212287
97,shahrak,34.1074,64.3052,7.76,69,0,1.56,AF,1697212838
98,ottobeuren,47.9333,10.3,23.19,40,0,3.09,DE,1697212838
99,taroa,8.7058,171.2275,27.95,75,34,2.58,MH,1697212839
100,curillo,1.0333,-75.9191,34.59,42,29,1.93,CO,1697212839
101,atafu village,-8.5421,-172.5159,28.6,74,91,9.82,TK,1697212252
102,pemangkat,1.1667,108.9667,28.74,74,100,2.89,ID,1697212839
103,new plymouth,-39.0667,174.0833,13.23,88,77,6.96,NZ,1697212839
104,papatowai,-46.5619,169.4708,9.3,79,100,2.12,NZ,1697212257
105,broken hill,-31.95,141.4333,14.72,61,0,3.85,AU,1697212187
106,linxia chengguanzhen,35.6003,103.2064,8.0,79,2,1.18,CN,1697212840
107,kantang,7.4054,99.5156,25.11,93,41,0.42,TH,1697212840
108,dudinka,69.4058,86.1778,1.49,93,100,6.71,RU,1697212285
109,juan griego,11.0817,-63.9655,36.07,52,8,6.17,VE,1697212840
110,katsuura,35.1333,140.3,14.6,73,33,2.18,JP,1697212841
111,haiku-pauwela,20.9219,-156.3051,24.47,86,11,4.57,US,1697212256
112,codrington,-38.2667,141.9667,12.83,80,100,7.73,AU,1697212465
113,port macquarie,-31.4333,152.9167,10.5,82,0,1.1,AU,1697212805
114,college,64.8569,-147.8028,-0.03,83,100,0.0,US,1697212841
115,petra,30.3222,35.4793,21.0,35,0,3.6,JO,1697212841
116,farafangana,-22.8167,47.8333,23.89,79,25,4.35,MG,1697212842
117,hawaiian paradise park,19.5933,-154.9731,21.61,93,0,2.06,US,1697212242
118,albany,42.6001,-73.9662,14.14,57,7,0.89,US,1697212842
119,kuta,-8.7233,115.1723,26.97,88,40,5.36,ID,1697212251
120,puerto natales,-51.7236,-72.4875,13.25,47,40,9.26,CL,1697212842
121,karaman,37.0833,33.25,17.0,34,0,2.7,TR,1697212842
122,kunyang,27.6658,120.5658,19.93,89,90,0.5,CN,1697212842
123,lospalos,-8.5186,127.0025,21.95,89,48,1.78,TL,1697212842
124,aykhal,66.0,111.5,-4.41,78,98,4.92,RU,1697212843
125,yar,58.249,52.1026,6.9,77,82,7.92,RU,1697212743
126,neelankarai,12.9455,80.2575,29.03,84,40,2.57,IN,1697212843
127,pisco,-13.7,-76.2167,21.03,73,0,3.6,PE,1697212256
128,berdigestyakh,62.0989,126.6992,-2.06,69,56,5.81,RU,1697212843
129,la'ie,21.6477,-157.9253,25.06,80,11,1.34,US,1697212283
130,shingu,33.7333,135.9833,15.77,84,60,2.03,JP,1697212253
131,keflavik,64.0049,-22.5624,2.24,60,75,9.77,IS,1697212272
132,kearney,40.6995,-99.0815,7.84,82,100,13.38,US,1697212648
133,minas de marcona,-15.2119,-75.1103,21.25,55,17,5.39,PE,1697212260
134,okhotsk,59.3833,143.3,-1.04,80,100,3.02,RU,1697212281
135,rabaul,-4.1967,152.1721,27.01,82,86,3.2,PG,1697212844
136,igarka,67.4667,86.5833,0.39,94,97,5.26,RU,1697212844
137,fort st. john,56.2499,-120.8529,1.94,100,20,1.54,CA,1697212722
138,ghadamis,30.1337,9.5007,30.25,19,0,4.16,LY,1697212499
139,geraldton,-28.7667,114.6,17.23,77,6,3.6,AU,1697212257
140,goundam,16.4145,-3.6708,39.15,12,8,1.45,ML,1697212300
141,chibougamau,49.9168,-74.3659,7.79,100,100,3.09,CA,1697212299
142,aracati,-4.5617,-37.7697,33.06,46,0,7.35,BR,1697212796
143,tolanaro,-25.0319,46.9987,25.04,83,20,7.2,MG,1697212741
144,vail,32.0479,-110.712,24.29,38,19,0.89,US,1697212582
145,al khaburah,23.9886,57.0984,28.22,74,0,0.96,OM,1697212845
146,kerikeri,-35.2268,173.9474,9.39,91,11,1.92,NZ,1697212311
147,ambovombe,-25.1667,46.0833,26.26,69,10,3.74,MG,1697212845
148,sinabang,2.4803,96.3801,25.75,87,100,3.39,ID,1697212322
149,roccella ionica,38.322,16.4009,22.67,76,17,1.95,IT,1697212846
150,bel ombre,-4.6167,55.4167,27.91,78,20,1.54,SC,1697212497
151,viedma,-40.8135,-62.9967,20.77,24,4,3.97,AR,1697212179
152,lihue,21.9789,-159.3672,22.58,94,0,3.09,US,1697212669
153,isafjordur,66.0755,-23.124,0.02,64,75,1.54,IS,1697212846
154,andovoranto,-18.95,49.1,21.6,90,25,1.08,MG,1697212846
155,fort bragg,35.139,-79.006,24.34,69,0,3.6,US,1697212260
156,stanley,54.868,-1.6985,11.7,68,20,9.26,GB,1697212251
157,pangody,65.85,74.4859,0.78,98,100,6.05,RU,1697212261
158,cidreira,-30.1811,-50.2056,16.45,62,43,4.47,BR,1697212485
159,port lincoln,-34.7333,135.8667,13.96,75,82,6.55,AU,1697212259
160,port mathurin,-19.6833,63.4167,22.73,75,33,5.72,MU,1697212607
161,arcachon,44.5875,-1.0519,26.18,53,0,4.12,FR,1697212847
162,mossel bay,-34.1831,22.146,17.96,79,40,2.67,ZA,1697212259
163,birao,10.2849,22.7882,30.53,47,10,1.58,CF,1697212269
164,pelotas,-31.7719,-52.3425,19.01,66,75,4.12,BR,1697212847
165,souillac,-20.5167,57.5167,23.21,68,75,1.03,MU,1697212458
166,kandyagash,49.4744,57.4233,7.81,59,97,6.48,KZ,1697212848
167,temiskaming shores,47.4938,-79.7153,6.89,82,100,2.56,CA,1697212763
168,glace bay,46.1969,-59.957,16.82,84,75,2.24,CA,1697212265
169,klyuchi,52.2667,79.1667,6.15,54,28,3.28,RU,1697212284
170,kangding,30.0513,101.9603,7.81,80,100,1.2,CN,1697212848
171,kailua-kona,19.6406,-155.9956,24.22,82,0,1.79,US,1697212848
172,ylitornio,66.3089,23.6773,-5.31,98,10,0.81,FI,1697212848
173,lebu,-37.6167,-73.65,11.98,68,98,8.35,CL,1697212704
174,ta`u,-14.2336,-169.5144,26.67,75,86,8.97,AS,1697212283
175,nanao,37.05,136.9667,12.93,67,100,2.47,JP,1697212849
176,santa cruz,-17.8,-63.1667,23.7,33,75,11.32,BO,1697212815
177,nieuw amsterdam,5.8833,-55.0833,35.57,54,40,4.12,SR,1697212509
178,sitka,57.0531,-135.33,13.94,62,100,7.2,US,1697212271
179,opuwo,-18.0607,13.84,32.28,13,30,7.68,NA,1697212262
180,pulgaon,20.7333,78.3333,27.75,53,100,1.47,IN,1697212849
181,nar'yan-mar,67.6713,53.087,1.17,76,100,4.02,RU,1697212283
182,tarnogskiy gorodok,60.4997,43.5761,4.43,86,100,5.84,RU,1697212849
183,beledweyne,4.7358,45.2036,32.58,46,100,4.45,SO,1697212850
184,aripuana,-9.1667,-60.6333,40.77,24,8,1.37,BR,1697212850
185,illizi,26.4833,8.4667,33.89,14,12,5.23,DZ,1697212739
186,kribi,2.95,9.9167,26.97,83,64,5.42,CM,1697212850
187,kuchaiburi,22.2667,86.1667,24.41,64,12,1.3,IN,1697212850
188,puerto deseado,-47.7503,-65.8938,11.2,55,58,3.53,AR,1697212290
189,xinyu,27.8043,114.9334,18.38,86,89,1.18,CN,1697212850
190,alice springs,-23.7,133.8833,10.75,30,0,0.0,AU,1697212051
191,thurso,58.5927,-3.5259,9.14,69,48,17.16,GB,1697212851
192,hermanus,-34.4187,19.2345,15.87,75,57,3.65,ZA,1697212846
193,caras,-9.0467,-77.8114,21.83,57,18,4.79,PE,1697212851
194,latrobe,40.3212,-79.3795,17.3,53,9,1.34,US,1697212851
195,fisterra,42.9049,-9.2629,19.3,86,0,3.1,ES,1697212851
196,komadi,47.0,21.5,22.75,57,99,2.93,HU,1697212851
197,bor,56.3567,44.0669,10.56,69,13,6.63,RU,1697212851
198,belmonte,-15.8631,-38.8828,28.52,65,100,6.2,BR,1697212460
199,puri,19.8,85.85,29.29,77,65,2.39,IN,1697212852
200,deqen,29.9618,90.7188,4.35,64,96,1.99,CN,1697212852
201,dolbeau-mistassini,48.8763,-72.212,12.36,83,100,4.48,CA,1697212798
202,nieves,15.3274,120.9485,28.73,91,38,0.69,PH,1697212852
203,cookeville,36.1628,-85.5016,23.88,60,0,3.09,US,1697212852
204,visby,57.6409,18.296,10.58,87,75,9.26,SE,1697212487
205,bilibino,68.0546,166.4372,-6.69,95,100,1.57,RU,1697212592
206,labytnangi,66.6572,66.4183,0.14,99,100,1.92,RU,1697212497
207,st. john's,47.5649,-52.7093,14.26,94,100,6.69,CA,1697212229
208,aswan,24.0934,32.907,32.61,25,0,6.69,EG,1697212022
209,salem,11.65,78.1667,24.86,68,62,2.28,IN,1697212595
210,el porvenir,13.7617,-87.3458,31.35,70,94,3.01,HN,1697212853
211,taoudenni,22.6783,-3.9836,36.86,9,0,4.49,ML,1697212299
212,pitiquito,30.7,-112.0833,24.83,48,1,3.31,MX,1697212853
213,lamar,33.6668,-95.5836,22.02,92,100,4.63,US,1697212853
214,north bend,43.4065,-124.2243,12.14,93,75,2.57,US,1697212854
215,polyarnyy,69.1989,33.4478,2.09,79,87,3.05,RU,1697212279
216,villa gesell,-37.2639,-56.973,17.54,42,0,5.35,AR,1697212499
217,uturoa,-16.7333,-151.4333,25.86,75,7,8.4,PF,1697212854
218,kapuskasing,49.4169,-82.4331,8.05,93,100,3.6,CA,1697212811
219,shakhtersk,48.0625,38.5167,13.56,74,100,2.7,UA,1697212854
220,xiaoweizhai,26.1903,107.5125,13.8,98,100,1.41,CN,1697212854
221,puerto baquerizo moreno,-0.9,-89.6,25.55,83,75,4.63,EC,1697212256
222,nemuro,43.3236,145.575,13.25,70,0,2.62,JP,1697212281
223,guadalupe y calvo,26.1,-106.9667,17.26,64,2,0.9,MX,1697212855
224,qaqortoq,60.7167,-46.0333,5.55,55,16,1.31,GL,1697212259
225,al jawf,29.5,38.75,28.23,22,0,4.44,SA,1697212521
226,otjiwarongo,-20.4637,16.6477,29.84,10,0,8.43,NA,1697212860
227,prince george,53.9166,-122.753,4.23,100,100,1.79,CA,1697212851
228,formosa do rio preto,-11.0483,-45.1931,39.41,16,1,2.32,BR,1697212860
229,shimoda,34.6667,138.95,17.61,60,30,1.81,JP,1697212495
230,namtsy,62.7161,129.6658,-2.2,67,19,4.62,RU,1697212860
231,ke-macina,13.9623,-5.3572,37.79,22,81,1.63,ML,1697212861
232,khandyga,62.6667,135.6,-6.81,97,100,0.84,RU,1697212290
233,kapa'a,22.0752,-159.319,22.99,94,0,3.09,US,1697212288
234,stornoway,58.2093,-6.3865,8.98,84,40,14.92,GB,1697212861
235,mata-utu,-13.2816,-176.1745,27.37,81,9,8.58,WF,1697212289
236,portland,45.5234,-122.6762,16.16,70,99,4.47,US,1697212854
237,farasan,16.7022,42.1183,31.2,66,0,3.1,SA,1697212861
238,san luis de la loma,17.2706,-100.8939,28.19,73,21,1.43,MX,1697212277
239,sarakhs,36.5449,61.1577,14.45,18,0,3.9,IR,1697212862
240,sur,22.5667,59.5289,30.35,66,0,2.46,OM,1697212854
241,invercargill,-46.4,168.35,11.68,72,96,1.79,NZ,1697212862
242,abong mbang,3.9833,13.1833,25.98,80,36,0.72,CM,1697212862
243,tralee,52.2704,-9.7026,12.14,62,0,5.66,IE,1697212862
244,pocatello,42.8713,-112.4455,8.34,83,0,2.24,US,1697212753
245,zmeinogorsk,51.1567,82.195,3.47,92,100,1.86,RU,1697212863
246,susuman,62.7833,148.1667,-12.23,84,100,0.89,RU,1697212293
247,inari,68.906,27.0288,-1.89,92,11,1.43,FI,1697212863
248,chipinge,-20.1883,32.6236,30.52,19,24,3.01,ZW,1697212863
249,muynoq,43.7683,59.0214,12.2,51,3,3.74,UZ,1697212274
250,aoulef,26.9667,1.0833,34.14,12,100,5.82,DZ,1697212864
251,mana,5.6592,-53.7767,32.31,59,98,4.71,GF,1697212471
252,taghazout,30.5426,-9.7112,36.43,20,31,2.99,MA,1697212864
253,vallenar,-28.5708,-70.7581,27.39,22,75,3.17,CL,1697212491
254,nikopol,47.5712,34.3964,14.68,69,92,2.2,UA,1697212864
255,laojunmiao,39.8333,97.7333,8.48,29,0,1.65,CN,1697212303
256,krasnyy chikoy,50.3643,108.7512,7.35,73,75,1.79,RU,1697212302
257,port douglas,-16.4833,145.4667,22.06,76,78,3.12,AU,1697212865
258,gao,16.6362,1.637,38.87,9,7,3.04,ML,1697212865
259,linfen,36.0889,111.5189,17.68,38,16,2.22,CN,1697212865
260,pali,25.7667,73.3333,30.12,34,3,3.16,IN,1697212865
261,obo,5.3998,26.4869,26.85,66,73,1.45,CF,1697212865
262,taro,-8.3862,115.28,23.0,97,96,0.23,ID,1697212866
263,porto novo,6.4965,2.6036,29.9,74,77,4.73,BJ,1697212322
264,rikaze,29.25,88.8833,8.0,51,88,2.89,CN,1697212866
265,vorgashor,67.5833,63.95,-0.88,75,100,3.16,RU,1697212866
266,nishinoomote,30.7333,131.0,23.35,71,91,5.86,JP,1697212866
267,hasaki,35.7333,140.8333,12.22,59,26,4.82,JP,1697212285
268,vadso,70.0744,29.7487,1.49,80,40,1.54,NO,1697212866
269,puerto lempira,15.2667,-83.7667,31.08,66,20,4.12,HN,1697212867
270,northam,51.0333,-4.2167,12.44,93,100,10.22,GB,1697212867
271,hamilton,39.1834,-84.5333,21.89,62,0,2.24,US,1697212867
272,nevel'sk,46.6733,141.8633,11.7,89,1,0.73,RU,1697212867
273,guerrero negro,27.9769,-114.0611,19.52,70,3,1.37,MX,1697212463
274,launceston,-41.45,147.1667,12.11,87,40,8.23,AU,1697212868
275,leava,-14.3,-178.1667,26.9,84,87,8.47,WF,1697212525
276,munduk,-8.2687,115.0795,16.37,95,99,1.28,ID,1697212868
277,tevriz,57.509,72.4042,5.2,73,100,4.44,RU,1697212868
278,thompson,55.7435,-97.8558,6.09,93,0,2.06,CA,1697212661
279,bontang,0.1333,117.5,26.95,82,98,3.25,ID,1697212868
280,treinta y tres,-33.2333,-54.3833,15.71,48,0,1.85,UY,1697212802
281,gaspe,48.8334,-64.4819,11.95,100,100,2.06,CA,1697212184
282,colonia,50.9333,6.95,23.36,60,0,4.63,DE,1697212164
283,kenai,60.5544,-151.2583,1.75,98,75,3.6,US,1697212289
284,laascaanood,8.4774,47.3597,29.26,48,92,4.38,SO,1697212869
285,kaohsiung,22.6163,120.3133,27.24,75,40,1.03,TW,1697212869
286,al fuwayliq,26.4432,43.2534,29.66,11,0,3.19,SA,1697212869
287,hilo,19.7297,-155.09,22.01,92,0,0.89,US,1697212869
288,suihua,46.6406,126.9969,11.1,63,1,2.97,CN,1697212870
289,tabou,4.423,-7.3528,27.2,77,77,3.75,CI,1697212496
290,tazacorte,28.629,-17.9293,27.54,74,0,2.06,ES,1697212870
291,qamdo,31.1667,97.2333,-2.09,27,1,0.65,CN,1697212723
292,sao tome,0.3365,6.7273,25.01,89,100,4.09,ST,1697212790
293,nandigama,16.7833,80.3,26.85,73,73,0.67,IN,1697212870
294,masterton,-40.9597,175.6575,11.6,78,46,4.57,NZ,1697212527
295,tinajo,29.0788,-13.7081,29.49,37,0,2.06,ES,1697212871
296,lompoc,34.6391,-120.4579,20.99,87,75,2.57,US,1697212707
297,ohara,35.25,140.3833,17.29,67,47,3.8,JP,1697212871
298,mont-de-marsan,44.0,-0.6667,28.9,54,0,4.63,FR,1697212871
299,woolgoolga,-30.1106,153.2007,12.8,79,0,2.7,AU,1697212749
300,tondano,1.3038,124.9112,19.05,76,62,1.1,ID,1697212871
301,alofi,-19.0595,-169.9187,21.94,88,91,1.03,NU,1697212301
302,happy valley-goose bay,53.3168,-60.3315,8.17,93,100,6.69,CA,1697212872
303,tangalle,6.024,80.7911,24.97,88,99,1.6,LK,1697212504
304,harper,4.375,-7.7169,27.23,78,98,3.93,LR,1697212482
305,hadibu,12.65,54.0333,27.77,74,60,2.84,YE,1697212724
306,el calafate,-50.3408,-72.2768,8.31,74,5,4.06,AR,1697212309
307,neiafu,-18.65,-173.9833,24.38,78,40,2.57,TO,1697212872
308,saipan,15.1355,145.701,27.39,94,40,2.57,MP,1697212301
309,galliano,29.4422,-90.2992,25.0,73,40,2.57,US,1697212474
310,smidovich,48.6,133.8167,10.87,60,45,5.42,RU,1697212744
311,nurabad,34.0734,47.9725,17.13,32,1,2.32,IR,1697212872
312,new norfolk,-42.7826,147.0587,10.72,91,100,4.57,AU,1697212873
313,quellon,-43.1167,-73.6167,10.39,65,70,2.73,CL,1697212274
314,sale,34.0389,-6.8166,28.13,60,75,3.09,MA,1697212873
315,bardai,11.65,7.2333,32.55,33,96,3.84,NG,1697212291
316,silale,55.4906,22.1814,11.93,59,100,5.74,LT,1697212873
317,jumri tilaiya,24.4333,85.5167,23.23,77,0,1.61,IN,1697212873
318,salina cruz,16.1667,-95.2,29.87,74,92,1.37,MX,1697212664
319,coahuayana de hidalgo,18.7,-103.6583,28.55,73,1,1.01,MX,1697212736
320,nadym,65.5333,72.5167,0.86,98,100,6.13,RU,1697212874
321,wangqing,43.3218,129.7634,11.38,62,100,1.04,CN,1697212874
322,barranca,-10.75,-77.7667,20.42,75,22,3.76,PE,1697212874
323,kununurra,-15.7667,128.7333,24.99,69,90,1.54,AU,1697212874
324,tinogasta,-28.0632,-67.5649,20.87,24,0,4.04,AR,1697212875
325,sao vicente,-23.9631,-46.3919,22.1,62,100,3.6,BR,1697212875
326,kone,-21.0595,164.8658,19.45,91,14,1.62,NC,1697212875
327,parit raja,1.8681,103.1124,28.33,83,54,1.44,MY,1697212875
328,beyneu,45.3167,55.2,12.14,48,1,4.55,KZ,1697212495
329,olonets,60.9847,32.9698,4.27,83,19,1.84,RU,1697212875
330,molina,-35.1167,-71.2833,19.09,49,20,3.6,CL,1697212876
331,malanje,-9.5402,16.341,26.62,55,87,2.07,AO,1697212876
332,raduzhny,62.0961,77.475,2.24,97,100,5.41,RU,1697212876
333,bubaque,11.2833,-15.8333,27.09,76,100,5.84,GW,1697212297
334,constantia,44.1833,28.65,19.38,65,100,1.96,RO,1697212753
335,borba,-4.3878,-59.5939,41.95,22,48,1.55,BR,1697212876
336,freetown,8.484,-13.2299,28.84,74,75,2.06,SL,1697212590
337,port elizabeth,-33.918,25.5701,15.16,97,100,4.63,ZA,1697212876
338,ribeira brava,32.65,-17.0667,31.51,31,97,1.66,PT,1697212527
339,poronaysk,49.2167,143.1167,10.72,68,2,3.26,RU,1697212526
340,haimen,23.1935,116.6142,24.94,80,96,1.96,CN,1697212877
341,cutral-co,-38.9469,-69.2089,16.62,10,73,0.45,AR,1697212877
342,sheffield,53.383,-1.4659,12.42,71,100,1.79,GB,1697212877
343,badger,64.8,-147.5333,-0.07,87,100,0.0,US,1697212712
344,ormara,25.2088,64.6357,27.59,81,0,4.61,PK,1697212879
345,cape girardeau,37.3834,-89.7168,21.56,72,100,7.14,US,1697212880
346,kijang,35.2442,129.2139,16.85,63,87,1.83,KR,1697212709
347,ust-tsilma,65.441,52.1498,5.34,89,98,1.79,RU,1697212296
348,vilyuchinsk,52.9306,158.4028,3.85,84,92,3.01,RU,1697212484
349,aksu,41.1231,80.2644,18.38,26,97,1.91,CN,1697212886
350,perryton,36.4,-100.8027,12.89,46,0,12.35,US,1697212884
351,lensk,60.7253,114.9278,5.4,81,100,7.6,RU,1697212886
352,pervomayskiy,53.2485,40.2871,9.31,68,4,2.99,RU,1697212886
353,necocli,8.4234,-76.786,29.74,68,35,2.93,CO,1697212894
354,kristiansund,63.1115,7.732,12.36,54,40,3.09,NO,1697212895
355,ola,59.5833,151.2833,-1.99,55,91,2.97,RU,1697212623
356,whangarei,-35.7317,174.3239,8.23,98,29,1.48,NZ,1697212895
357,sant antoni de portmany,38.9807,1.3036,26.32,71,20,4.12,ES,1697212896
358,sorong,-0.8833,131.25,26.53,89,100,3.47,ID,1697212896
359,ambodifotatra,-16.9833,49.85,26.03,73,20,2.06,MG,1697212896
360,bamyan,34.75,67.25,2.49,86,3,3.05,AF,1697212896
361,sinjar,36.3209,41.8754,25.88,21,0,2.53,IQ,1697212896
362,diamantina,-18.2494,-43.6003,27.7,39,100,2.03,BR,1697212896
363,velingara,13.15,-14.1167,27.65,73,99,2.52,SN,1697212896
364,salinopolis,-0.6136,-47.3561,30.07,67,97,5.75,BR,1697212717
365,pariaman,-0.619,100.12,26.03,88,95,1.22,ID,1697212473
366,caleta de carquin,-11.0925,-77.6267,21.33,73,36,4.02,PE,1697212897
367,mtwara,-10.2667,40.1833,25.18,81,85,3.75,TZ,1697212698
368,tobelo,1.7284,128.0095,26.94,82,43,0.43,ID,1697212897
369,batang,-6.4846,110.7083,27.54,71,92,2.99,ID,1697212897
370,valparaiso,-33.0393,-71.6273,24.13,44,0,5.14,CL,1697212808
371,tiquipaya,-17.3382,-66.2189,27.4,19,75,2.06,BO,1697212897
372,yelizovo,53.1873,158.3805,3.78,100,75,1.0,RU,1697212898
373,ayorou,14.7308,0.9174,39.78,12,27,4.67,NE,1697212898
374,auki,-8.7676,160.7034,24.76,88,94,1.5,SB,1697212898
375,trondheim,63.4305,10.3951,9.05,72,100,1.79,NO,1697212869
376,karratha,-20.7377,116.8463,27.7,41,0,2.86,AU,1697212898
377,san patricio,28.017,-97.5169,30.48,67,0,2.5,US,1697212898
378,remedios,22.4947,-79.5458,30.12,69,100,2.41,CU,1697212899
379,niamey,13.5137,2.1098,40.16,12,99,5.66,NE,1697212754
380,rio grande,-32.035,-52.0986,19.06,52,27,4.85,BR,1697212469
381,el jadid,33.2549,-8.506,23.98,65,83,3.88,MA,1697212899
382,beloyarskiy,63.7119,66.6722,2.22,99,100,2.24,RU,1697212899
383,yasinya,48.2794,24.3604,12.15,95,73,1.8,UA,1697212899
384,ataq,14.5377,46.8319,25.5,53,0,3.0,YE,1697212900
385,chernyshevskiy,63.0128,112.4714,-1.89,90,100,1.46,RU,1697212523
386,puerto francisco de orellana,-0.4667,-76.9667,31.03,62,0,1.54,EC,1697212900
387,newman,37.3138,-121.0208,15.69,35,94,1.52,US,1697212712
388,santa marta,11.2408,-74.199,33.03,70,20,3.09,CO,1697212869
389,rodolfo sanchez taboada,31.7167,-116.5667,16.72,77,37,1.08,MX,1697212900
390,quezon,7.7303,125.0989,23.13,96,100,0.27,PH,1697212900
391,carauari,-4.8828,-66.8958,39.24,33,30,0.65,BR,1697212901
392,namibe,-15.1961,12.1522,20.49,72,21,4.06,AO,1697212901
393,san pedro pochutla,15.7333,-96.4667,29.48,62,100,2.01,MX,1697212901
394,nguigmi,14.2495,13.1092,35.8,22,5,2.9,NE,1697212901
395,bintulu,3.1667,113.0333,25.23,100,20,0.51,MY,1697212901
396,burang,30.25,81.1667,4.3,75,62,1.85,CN,1697212902
397,lamu,-2.2717,40.902,26.12,84,18,4.39,KE,1697212902
398,dalton,34.7698,-84.9702,21.27,79,89,1.54,US,1697212854
399,santana,-0.0583,-51.1817,33.1,58,40,5.66,BR,1697212384
400,ploneour-lanvern,47.9,-4.2833,17.18,94,100,8.75,FR,1697212465
401,faya-largeau,17.9257,19.1043,36.63,12,0,5.91,TD,1697212492
402,sikasso,10.9167,-7.0,31.98,53,76,1.39,ML,1697212902
403,zdvinsk,54.7021,78.661,7.27,36,94,7.19,RU,1697212902
404,akrehamn,59.2667,5.1833,11.9,81,75,9.77,NO,1697212903
405,veinticinco de mayo,-35.4323,-60.1727,22.21,20,0,2.24,AR,1697212903
406,grayvoron,50.4767,35.6773,11.52,55,2,2.63,RU,1697212903
407,green river,41.5286,-109.4662,5.55,14,99,0.89,US,1697212809
408,kiunga,-6.1219,141.2906,23.36,99,100,1.12,PG,1697212903
409,nouadhibou,20.931,-17.0347,34.99,17,8,3.09,MR,1697212496
410,homer,59.6425,-151.5483,1.94,87,75,1.54,US,1697212808
411,touros,-5.1989,-35.4608,29.97,62,1,7.19,BR,1697212312
412,pozzallo,36.7305,14.8499,26.36,68,10,2.35,IT,1697212904
413,kayangel,8.0823,134.7173,28.29,78,79,6.27,PW,1697212753
414,sarkand,45.41,79.9186,11.05,92,100,3.9,KZ,1697212904
415,kirksville,40.1948,-92.5833,16.43,96,100,7.72,US,1697212904
416,tarawa,1.419,172.984,28.05,83,75,0.51,KI,1697212904
417,fortuna,40.5982,-124.1573,10.37,99,0,0.0,US,1697212905
418,hovd,48.0056,91.6419,12.02,31,92,2.54,MN,1697212905
419,saint-francois,46.4154,3.9054,28.69,36,0,3.6,FR,1697212494
420,kalmunai,7.4167,81.8167,25.7,86,82,4.98,LK,1697212905
421,pokachi,61.7198,75.3683,2.82,97,100,6.74,RU,1697212905
422,vikarabad,17.3333,77.9,24.45,62,73,2.78,IN,1697212905
423,ulladulla,-35.35,150.4667,10.43,70,15,3.6,AU,1697212692
424,flying fish cove,-10.4217,105.6791,24.82,94,100,3.6,CX,1697212906
425,chonchi,-42.6128,-73.8092,13.4,65,94,1.85,CL,1697212906
426,tidjikja,18.5564,-11.4271,37.62,15,29,3.75,MR,1697212463
427,remire-montjoly,4.9167,-52.2667,33.02,62,75,4.63,GF,1697212906
428,tamanrasset,22.785,5.5228,25.95,22,40,8.75,DZ,1697212906
429,sisimiut,66.9395,-53.6735,2.45,72,100,6.16,GL,1697212907
430,cill airne,52.05,-9.5167,12.03,62,0,5.66,IE,1697212907
431,iskateley,67.6803,53.1512,1.12,76,100,4.02,RU,1697212714
432,calvinia,-31.4707,19.776,19.16,31,15,3.39,ZA,1697212907
433,vila franca do campo,37.7167,-25.4333,22.71,99,100,3.32,PT,1697212907
434,jinghong,21.991,100.7341,20.16,99,93,0.92,CN,1697212907
435,wailua homesteads,22.0669,-159.378,22.24,94,0,3.09,US,1697212693
436,bukama,-9.2,25.85,24.55,73,86,2.36,CD,1697212908
437,sangin,32.0728,64.8359,24.48,24,3,7.81,AF,1697212908
438,basco,20.4487,121.9702,27.82,72,21,5.14,PH,1697212908
439,luderitz,-26.6481,15.1594,18.93,61,0,11.58,NA,1697212714
440,ray,23.6833,85.05,25.43,67,8,1.98,IN,1697212908
441,poxoreo,-15.8372,-54.3892,35.26,37,48,0.95,BR,1697212908
442,mendota,36.7536,-120.3816,18.17,34,100,2.03,US,1697212909
443,santiago del estero,-27.7951,-64.2615,22.88,19,1,3.7,AR,1697212909
444,egilsstadir,65.2653,-14.3948,1.95,75,75,7.72,IS,1697212909
445,port saint john's,-31.6229,29.5448,21.4,57,10,9.68,ZA,1697212490
446,skiathos,39.1623,23.4909,21.65,60,0,1.99,GR,1697212909
447,thief river falls,48.1191,-96.1812,8.96,76,0,6.69,US,1697212909
448,orbetello,42.4408,11.2196,22.13,64,85,2.23,IT,1697212910
449,akcakoca,41.0866,31.1162,16.5,83,0,1.52,TR,1697212910
450,san vicente de canete,-13.0751,-76.3835,22.26,70,14,3.4,PE,1697212910
451,grand baie,-20.0182,57.5802,23.26,66,35,4.05,MU,1697212862
452,yuzhno-kurilsk,44.0306,145.8556,12.99,82,0,2.53,RU,1697212910
453,mwanza,-2.5167,32.9,25.26,63,56,4.78,TZ,1697212911
454,mbaiki,3.8678,17.9892,24.83,81,100,1.36,CF,1697212911
455,lively,46.4334,-81.1498,10.01,79,100,2.32,CA,1697212911
456,wacheng,33.7833,114.5167,17.95,63,25,3.7,CN,1697212911
457,sinop,41.7711,34.8709,14.51,63,2,1.73,TR,1697212831
458,petauke,-14.2426,31.3253,32.25,18,7,0.75,ZM,1697212726
459,richards bay,-28.783,32.0377,20.12,74,2,2.14,ZA,1697212759
460,chinsali,-10.5414,32.0816,29.44,24,87,0.79,ZM,1697212912
461,miandrivazo,-19.5167,45.4667,30.27,43,4,5.11,MG,1697212912
462,nova xavantina,-14.6667,-52.35,38.35,25,43,2.74,BR,1697212528
463,nuuk,64.1835,-51.7216,4.34,75,100,11.32,GL,1697212912
464,mengellang,7.6957,134.6305,26.95,81,78,5.17,PW,1697212912
465,bengkulu,-3.8004,102.2655,23.66,96,98,1.51,ID,1697212912
466,choyr,46.3611,108.3611,7.46,39,0,2.45,MN,1697212912
467,nema,57.5067,50.5011,7.35,78,64,6.62,RU,1697212913
468,wynyard,-41.0,145.7167,12.43,80,100,7.57,AU,1697212913
469,ascension,30.2169,-90.9001,26.16,69,40,0.0,US,1697212516
470,weno,7.4515,151.8468,27.83,78,100,3.88,FM,1697212913
471,saint-philippe,-21.3585,55.7679,23.77,80,45,3.16,RE,1697212913
472,neryungri,56.6709,124.6491,0.69,90,79,1.88,RU,1697212913
473,labrador city,52.9463,-66.9114,7.95,93,100,4.63,CA,1697212809
474,port hedland,-20.3167,118.5667,24.03,53,0,1.54,AU,1697212913
475,oamaru,-45.0784,170.9801,8.54,67,95,2.72,NZ,1697212914
476,puerto san jose,13.9256,-90.8244,28.76,77,87,0.57,GT,1697212914
477,orapa,-21.2833,25.3667,34.79,19,73,3.22,BW,1697212914
478,aljezur,37.3191,-8.8033,22.06,78,100,6.65,PT,1697212827
479,sinazongwe,-17.2614,27.4618,31.76,37,56,1.85,ZM,1697212914
480,hammerfest,70.6634,23.6821,1.25,93,40,1.54,NO,1697212684
481,gamba,-2.65,10.0,25.43,86,100,3.35,GA,1697212462
482,floro,61.5996,5.0328,9.04,87,75,7.72,NO,1697212914
483,grand falls-windsor,48.9332,-55.6649,11.95,95,100,0.89,CA,1697212915
484,porto seguro,-16.4497,-39.0647,30.29,62,40,9.77,BR,1697212915
485,guarapari,-20.6667,-40.4975,26.43,73,97,3.82,BR,1697212915
486,cuyo,10.8525,121.0086,28.44,75,47,2.12,PH,1697212915
487,rio preto da eva,-2.6994,-59.6997,41.86,22,23,1.33,BR,1697212915
488,mutuipe,-13.2286,-39.5047,34.86,30,16,2.19,BR,1697212915
489,trenggalek,-8.05,111.7167,23.37,94,89,0.46,ID,1697212915
490,madridejos,39.4682,-3.532,26.63,22,84,5.4,ES,1697212810
491,sigli,5.3848,95.9609,26.6,85,98,2.36,ID,1697212916
492,kiffa,16.6166,-11.4045,38.73,19,35,2.48,MR,1697212916
493,sanya,18.2431,109.505,26.09,83,0,2.0,CN,1697212714
494,tahe,52.3333,124.7333,6.86,69,35,0.58,CN,1697212916
495,kirakira,-10.4544,161.9205,25.31,87,90,3.29,SB,1697212916
496,lorengau,-2.0226,147.2712,27.36,81,16,2.36,PG,1697212917
497,llallagua,-18.4167,-66.6333,17.35,26,14,3.86,BO,1697212917
498,copala,16.65,-98.9833,28.49,73,21,1.93,MX,1697212917
499,huancavelica,-12.7667,-74.9833,11.27,47,9,4.28,PE,1697212917
500,karystos,38.0133,24.4161,22.55,52,0,0.1,GR,1697212917
501,kindu,-2.95,25.95,28.35,59,41,1.36,CD,1697212917
502,gunjur,13.2019,-16.7339,33.04,62,40,2.57,GM,1697212918
503,inarajan village,13.2736,144.7484,26.54,92,100,4.13,GU,1697212451
504,novodvinsk,64.4165,40.8122,4.32,94,100,6.19,RU,1697212918
505,mumbwa,-14.9783,27.0619,30.74,26,67,2.28,ZM,1697212526
506,zav'yalovo,56.7847,53.3776,8.67,94,59,8.05,RU,1697212918
507,walvis bay,-22.9575,14.5053,15.61,72,35,5.23,NA,1697212333
508,rongelap,11.1635,166.8941,28.15,75,99,3.43,MH,1697212511
509,bonanza,14.0289,-84.591,31.96,58,70,1.69,NI,1697212919
510,yekaterinovka,52.0508,44.3451,7.56,94,59,4.29,RU,1697212919
511,crane,31.3974,-102.3501,22.24,11,0,7.03,US,1697212919
512,mugia,43.1041,-9.2179,19.39,84,19,1.61,ES,1697212919
513,mamuju,-2.6748,118.8885,26.26,83,71,1.65,ID,1697212919
514,zouerate,22.7187,-12.4521,37.64,12,3,2.98,MR,1697212774
515,malango,-2.9627,119.9001,19.36,97,45,0.96,ID,1697212920
516,san matias,-16.3667,-58.4,34.41,32,20,3.31,BO,1697212467
517,dublin,37.7021,-121.9358,18.77,58,0,0.0,US,1697212920
518,itaituba,-4.2761,-55.9836,37.09,49,20,1.64,BR,1697212920
519,posto fiscal rolim de moura,-13.0833,-62.2667,38.51,34,16,1.25,BR,1697212920
520,chiquimulilla,14.0858,-90.3767,28.9,74,84,1.82,GT,1697212921
521,murzuq,25.9155,13.9184,28.56,20,0,2.31,LY,1697212720
522,askoy,60.4092,5.226,10.53,87,75,7.72,NO,1697212921
523,baturaja,-4.1333,104.1667,24.47,68,88,1.26,ID,1697212921
524,autun,46.95,4.3,25.09,32,2,2.11,FR,1697212921
525,mokhsogollokh,61.4681,128.9203,-2.1,67,68,3.22,RU,1697212921
526,hotan,37.0997,79.9269,17.17,16,38,2.45,CN,1697212922
527,el granada,37.5027,-122.4694,18.6,69,20,0.0,US,1697212749
528,altai,46.3722,96.2583,5.96,32,8,1.57,MN,1697212528
529,abepura,-2.6333,140.5833,26.45,78,20,1.54,ID,1697212922
530,pitimbu,-7.4706,-34.8086,30.33,70,29,5.71,BR,1697212923
531,chifeng,42.2683,118.9636,11.35,55,78,2.99,CN,1697212923
532,yuxia,34.0615,108.6291,13.34,61,97,2.47,CN,1697212923
533,naze,28.3667,129.4833,21.51,82,15,2.85,JP,1697212513
534,ifanadiana,-21.3,47.6333,20.92,95,26,1.46,MG,1697212923
535,acapulco de juarez,16.8634,-99.8901,28.52,74,46,1.47,MX,1697212678
536,moree,-29.4667,149.85,12.85,42,0,3.63,AU,1697212923
537,banda aceh,5.5577,95.3222,26.8,82,81,1.7,ID,1697212914
538,nyurba,63.2842,118.3319,-3.27,51,87,1.79,RU,1697212924
539,puerto santa,-8.9906,-78.6456,20.58,79,23,3.74,PE,1697212736
540,lebowakgomo,-24.2,29.5,33.5,18,98,3.17,ZA,1697212924
541,conception bay south,47.4999,-52.9981,14.13,92,100,5.04,CA,1697212924
542,taksimo,56.3444,114.8794,7.62,55,100,1.79,RU,1697212924
543,armacao de buzios,-22.7469,-41.8817,27.03,85,95,7.89,BR,1697212925
544,sampit,-2.5333,112.95,24.83,88,40,1.61,ID,1697212925
545,vigan,17.5747,120.3869,28.85,68,6,2.04,PH,1697212925
546,n'zeto,-7.2312,12.8666,26.11,78,19,4.26,AO,1697212925
547,chul'man,56.8479,124.9104,0.75,88,98,0.89,RU,1697212925
548,puntarenas,9.9763,-84.8384,29.85,73,84,1.28,CR,1697212925
549,mount pearl,47.5166,-52.7813,13.8,94,100,6.69,CA,1697212926
550,esmeraldas,-19.7625,-44.3139,32.63,31,100,2.97,BR,1697212896
551,vernon,50.2581,-119.2691,9.61,93,9,0.51,CA,1697212389
552,pascagoula,30.3658,-88.5561,22.03,77,99,1.71,US,1697212926
553,priladozhskiy,59.85,31.4833,9.3,9,65,3.58,RU,1697212926
554,san andres,12.5847,-81.7006,33.01,66,20,2.06,CO,1697212822
555,ghazni,33.5536,68.4269,15.61,28,62,1.19,AF,1697212926
556,makarska,43.2969,17.0178,23.55,69,12,1.25,HR,1697212927
557,argo,37.6333,22.7333,18.21,46,0,1.0,GR,1697212927
558,malabar,-33.9667,151.25,15.84,59,2,4.63,AU,1697212927
559,dawei,14.0833,98.2,25.33,93,100,1.23,MM,1697212927
560,kataba,13.9833,44.3833,19.09,66,3,2.29,YE,1697212927
561,geneina,13.45,22.45,32.45,22,47,3.38,SD,1697212928
562,impfondo,1.6381,18.0667,26.37,81,96,2.96,CG,1697212928
563,marquelia,16.5833,-98.8167,29.03,72,36,1.75,MX,1697212928
564,donggongon,5.907,116.1015,26.96,83,20,1.54,MY,1697212928
565,mitchell,43.7094,-98.0298,7.63,93,100,10.29,US,1697212928
566,wagar,16.1525,36.2032,35.62,14,0,2.09,SD,1697212929
567,mil'kovo,55.6078,37.7956,10.55,55,6,4.4,RU,1697212929
568,deir ez-zor,35.3359,40.1408,28.17,28,0,3.4,SY,1697212929
569,almeria,37.1667,-2.3333,28.02,36,4,3.08,ES,1697212929
570,tsagan aman,47.5639,46.7218,13.85,58,100,3.02,RU,1697212929
571,lazaro cardenas,17.9583,-102.2,27.63,76,17,0.84,MX,1697212930
572,city of balikpapan,-1.242,116.8942,28.97,79,40,1.03,ID,1697212930
573,ketchikan,55.3422,-131.6461,8.99,85,100,1.77,US,1697212930
574,lesneven,48.5723,-4.3213,17.25,94,100,12.86,FR,1697212930
575,tateyama,34.9833,139.8667,18.1,61,60,2.8,JP,1697212930
576,manokwari,-0.8667,134.0833,25.71,85,59,1.8,ID,1697212931
577,sola,-13.8833,167.55,26.0,80,100,7.94,VU,1697212931
578,khanty-mansiysk,61.0042,69.0019,6.06,87,40,6.0,RU,1697212931
579,riyadh,24.6877,46.7219,34.08,12,0,2.92,SA,1697212767
580,page,36.9147,-111.4558,12.84,38,24,1.34,US,1697212932
581,muli,2.9167,73.5667,27.81,71,65,3.95,MV,1697212932
582,borogontsy,62.6683,131.1683,-3.17,71,100,4.02,RU,1697212932
583,puerto armuelles,8.2833,-82.8667,29.99,74,77,2.24,PA,1697212932
